<?xml version="1.0" encoding="UTF-8" ?><records>
	<record>
		<Firstname>Graiden</Firstname>
		<Lastname>Jensen</Lastname>
		<Mobile>1-840-261-1536</Mobile>
		<Email>lectus@fringilla.org</Email>
	</record>
	<record>
		<Firstname>Wing</Firstname>
		<Lastname>Murphy</Lastname>
		<Mobile>1-899-392-4035</Mobile>
		<Email>Curabitur@turpis.org</Email>
	</record>
	<record>
		<Firstname>Dexter</Firstname>
		<Lastname>Prince</Lastname>
		<Mobile>1-352-611-3417</Mobile>
		<Email>odio@consequatlectus.ca</Email>
	</record>
	<record>
		<Firstname>Preston</Firstname>
		<Lastname>Bryant</Lastname>
		<Mobile>1-529-366-4511</Mobile>
		<Email>massa.Suspendisse@dictum.co.uk</Email>
	</record>
	<record>
		<Firstname>Giacomo</Firstname>
		<Lastname>Vaughn</Lastname>
		<Mobile>1-496-464-1918</Mobile>
		<Email>ligula.Nullam@ligulaNullam.co.uk</Email>
	</record>
	<record>
		<Firstname>Davis</Firstname>
		<Lastname>Cunningham</Lastname>
		<Mobile>1-711-889-3346</Mobile>
		<Email>ornare.lectus.ante@augueeu.net</Email>
	</record>
	<record>
		<Firstname>Luke</Firstname>
		<Lastname>Forbes</Lastname>
		<Mobile>1-727-650-9810</Mobile>
		<Email>at@risusQuisque.edu</Email>
	</record>
	<record>
		<Firstname>Alan</Firstname>
		<Lastname>Yates</Lastname>
		<Mobile>1-855-797-7676</Mobile>
		<Email>mauris.a.nunc@vel.net</Email>
	</record>
	<record>
		<Firstname>Herman</Firstname>
		<Lastname>Hurst</Lastname>
		<Mobile>1-939-494-3775</Mobile>
		<Email>sit@varius.org</Email>
	</record>
	<record>
		<Firstname>Zeph</Firstname>
		<Lastname>Tyler</Lastname>
		<Mobile>1-790-929-8131</Mobile>
		<Email>Sed.eu@Nunclectuspede.com</Email>
	</record>
	<record>
		<Firstname>Kasimir</Firstname>
		<Lastname>Clemons</Lastname>
		<Mobile>1-983-711-8259</Mobile>
		<Email>In.ornare.sagittis@inceptoshymenaeos.net</Email>
	</record>
	<record>
		<Firstname>Kenneth</Firstname>
		<Lastname>Mcpherson</Lastname>
		<Mobile>1-269-565-2083</Mobile>
		<Email>vulputate.nisi@atlibero.ca</Email>
	</record>
	<record>
		<Firstname>Eagan</Firstname>
		<Lastname>Patel</Lastname>
		<Mobile>1-470-593-4438</Mobile>
		<Email>Nam.consequat.dolor@nonmassanon.edu</Email>
	</record>
	<record>
		<Firstname>Tarik</Firstname>
		<Lastname>Cline</Lastname>
		<Mobile>1-416-290-0037</Mobile>
		<Email>at.risus@nulla.org</Email>
	</record>
	<record>
		<Firstname>Myles</Firstname>
		<Lastname>Gray</Lastname>
		<Mobile>1-485-553-0025</Mobile>
		<Email>Donec.luctus.aliquet@vitae.com</Email>
	</record>
	<record>
		<Firstname>Ishmael</Firstname>
		<Lastname>Riley</Lastname>
		<Mobile>1-642-176-4924</Mobile>
		<Email>ornare@diamDuismi.org</Email>
	</record>
	<record>
		<Firstname>Carter</Firstname>
		<Lastname>Pruitt</Lastname>
		<Mobile>1-978-837-1616</Mobile>
		<Email>urna@sagittissemper.co.uk</Email>
	</record>
	<record>
		<Firstname>Joel</Firstname>
		<Lastname>Daniels</Lastname>
		<Mobile>1-324-221-4531</Mobile>
		<Email>posuere@Donec.co.uk</Email>
	</record>
	<record>
		<Firstname>Zephania</Firstname>
		<Lastname>Weeks</Lastname>
		<Mobile>1-879-985-0093</Mobile>
		<Email>augue@vitaesemperegestas.org</Email>
	</record>
	<record>
		<Firstname>Francis</Firstname>
		<Lastname>Gilliam</Lastname>
		<Mobile>1-194-490-2801</Mobile>
		<Email>nibh.Phasellus@fermentumconvallisligula.com</Email>
	</record>
	<record>
		<Firstname>Clarke</Firstname>
		<Lastname>Washington</Lastname>
		<Mobile>1-609-458-9181</Mobile>
		<Email>eros.Nam@SuspendissesagittisNullam.ca</Email>
	</record>
	<record>
		<Firstname>Elijah</Firstname>
		<Lastname>Harrell</Lastname>
		<Mobile>1-203-571-1880</Mobile>
		<Email>et.risus.Quisque@Nullam.edu</Email>
	</record>
	<record>
		<Firstname>Castor</Firstname>
		<Lastname>Fuentes</Lastname>
		<Mobile>1-799-557-9645</Mobile>
		<Email>tempus.eu.ligula@etlacinia.org</Email>
	</record>
	<record>
		<Firstname>Julian</Firstname>
		<Lastname>Zimmerman</Lastname>
		<Mobile>1-459-784-3473</Mobile>
		<Email>et.lacinia@dolorDonecfringilla.co.uk</Email>
	</record>
	<record>
		<Firstname>James</Firstname>
		<Lastname>Cantu</Lastname>
		<Mobile>1-477-897-9885</Mobile>
		<Email>purus.gravida@Nullaeuneque.edu</Email>
	</record>
	<record>
		<Firstname>Ferdinand</Firstname>
		<Lastname>Strickland</Lastname>
		<Mobile>1-125-370-3624</Mobile>
		<Email>dolor@aenim.co.uk</Email>
	</record>
	<record>
		<Firstname>Nissim</Firstname>
		<Lastname>Lopez</Lastname>
		<Mobile>1-796-918-7877</Mobile>
		<Email>condimentum@ac.edu</Email>
	</record>
	<record>
		<Firstname>Connor</Firstname>
		<Lastname>Noel</Lastname>
		<Mobile>1-613-316-1405</Mobile>
		<Email>per@Duisgravida.org</Email>
	</record>
	<record>
		<Firstname>Elijah</Firstname>
		<Lastname>Vinson</Lastname>
		<Mobile>1-981-880-1526</Mobile>
		<Email>magnis.dis@quamquisdiam.com</Email>
	</record>
	<record>
		<Firstname>Maxwell</Firstname>
		<Lastname>Berger</Lastname>
		<Mobile>1-639-236-5574</Mobile>
		<Email>Donec@faucibus.org</Email>
	</record>
	<record>
		<Firstname>Asher</Firstname>
		<Lastname>Hart</Lastname>
		<Mobile>1-247-622-6354</Mobile>
		<Email>adipiscing.elit@arcu.org</Email>
	</record>
	<record>
		<Firstname>John</Firstname>
		<Lastname>Meyer</Lastname>
		<Mobile>1-299-332-4346</Mobile>
		<Email>nunc.In.at@Aeneangravida.com</Email>
	</record>
	<record>
		<Firstname>Hasad</Firstname>
		<Lastname>Lewis</Lastname>
		<Mobile>1-814-504-7505</Mobile>
		<Email>cursus.Nunc.mauris@quisaccumsanconvallis.edu</Email>
	</record>
	<record>
		<Firstname>Armando</Firstname>
		<Lastname>Pace</Lastname>
		<Mobile>1-649-909-5828</Mobile>
		<Email>a.tortor@sitametultricies.ca</Email>
	</record>
	<record>
		<Firstname>Troy</Firstname>
		<Lastname>Estes</Lastname>
		<Mobile>1-583-578-5484</Mobile>
		<Email>torquent.per.conubia@vitae.co.uk</Email>
	</record>
	<record>
		<Firstname>Carlos</Firstname>
		<Lastname>Fowler</Lastname>
		<Mobile>1-912-322-0366</Mobile>
		<Email>penatibus.et@idnunc.ca</Email>
	</record>
	<record>
		<Firstname>Simon</Firstname>
		<Lastname>Wright</Lastname>
		<Mobile>1-854-723-5075</Mobile>
		<Email>tincidunt@loremluctus.net</Email>
	</record>
	<record>
		<Firstname>Aristotle</Firstname>
		<Lastname>Keller</Lastname>
		<Mobile>1-574-764-9176</Mobile>
		<Email>eu.metus@tortornibh.com</Email>
	</record>
	<record>
		<Firstname>Davis</Firstname>
		<Lastname>Bradley</Lastname>
		<Mobile>1-532-211-0360</Mobile>
		<Email>egestas@nonenim.edu</Email>
	</record>
	<record>
		<Firstname>Jermaine</Firstname>
		<Lastname>Gillespie</Lastname>
		<Mobile>1-660-366-7326</Mobile>
		<Email>natoque@nisia.co.uk</Email>
	</record>
	<record>
		<Firstname>Ronan</Firstname>
		<Lastname>Grimes</Lastname>
		<Mobile>1-845-181-0492</Mobile>
		<Email>orci@metusInnec.ca</Email>
	</record>
	<record>
		<Firstname>Wang</Firstname>
		<Lastname>Turner</Lastname>
		<Mobile>1-563-922-9872</Mobile>
		<Email>Vivamus@magna.ca</Email>
	</record>
	<record>
		<Firstname>Leo</Firstname>
		<Lastname>Atkins</Lastname>
		<Mobile>1-560-207-4656</Mobile>
		<Email>et.magna.Praesent@pedePraesent.com</Email>
	</record>
	<record>
		<Firstname>Damian</Firstname>
		<Lastname>Boyle</Lastname>
		<Mobile>1-557-168-5352</Mobile>
		<Email>Quisque@velitin.co.uk</Email>
	</record>
	<record>
		<Firstname>Geoffrey</Firstname>
		<Lastname>Marsh</Lastname>
		<Mobile>1-994-273-0813</Mobile>
		<Email>mattis@scelerisquescelerisque.co.uk</Email>
	</record>
	<record>
		<Firstname>Lee</Firstname>
		<Lastname>Farley</Lastname>
		<Mobile>1-378-938-3650</Mobile>
		<Email>mollis@interdumCurabiturdictum.ca</Email>
	</record>
	<record>
		<Firstname>Jason</Firstname>
		<Lastname>Cunningham</Lastname>
		<Mobile>1-849-297-1034</Mobile>
		<Email>magna.Cras.convallis@ametrisus.net</Email>
	</record>
	<record>
		<Firstname>Clayton</Firstname>
		<Lastname>Ewing</Lastname>
		<Mobile>1-625-905-1697</Mobile>
		<Email>Phasellus.nulla@elitpellentesquea.org</Email>
	</record>
	<record>
		<Firstname>Forrest</Firstname>
		<Lastname>Evans</Lastname>
		<Mobile>1-229-892-0516</Mobile>
		<Email>quam.quis.diam@Nulla.co.uk</Email>
	</record>
	<record>
		<Firstname>Evan</Firstname>
		<Lastname>Melton</Lastname>
		<Mobile>1-852-235-2357</Mobile>
		<Email>Sed.molestie.Sed@nisiMauris.com</Email>
	</record>
	<record>
		<Firstname>Matthew</Firstname>
		<Lastname>Petersen</Lastname>
		<Mobile>1-324-676-9518</Mobile>
		<Email>facilisis.facilisis.magna@duiCras.net</Email>
	</record>
	<record>
		<Firstname>Lucius</Firstname>
		<Lastname>Pennington</Lastname>
		<Mobile>1-793-183-1500</Mobile>
		<Email>ante.dictum@lectus.ca</Email>
	</record>
	<record>
		<Firstname>Reese</Firstname>
		<Lastname>Garcia</Lastname>
		<Mobile>1-644-702-6777</Mobile>
		<Email>penatibus.et@Nullamnisl.com</Email>
	</record>
	<record>
		<Firstname>Graiden</Firstname>
		<Lastname>Acevedo</Lastname>
		<Mobile>1-926-130-3538</Mobile>
		<Email>id.ante@Aliquamvulputate.ca</Email>
	</record>
	<record>
		<Firstname>Avram</Firstname>
		<Lastname>Juarez</Lastname>
		<Mobile>1-109-792-2716</Mobile>
		<Email>est@tempuslorem.org</Email>
	</record>
	<record>
		<Firstname>Macaulay</Firstname>
		<Lastname>Hopkins</Lastname>
		<Mobile>1-426-200-5783</Mobile>
		<Email>nec.tellus@Integer.net</Email>
	</record>
	<record>
		<Firstname>Salvador</Firstname>
		<Lastname>Santiago</Lastname>
		<Mobile>1-620-622-8172</Mobile>
		<Email>Quisque.nonummy@aliquetPhasellus.org</Email>
	</record>
	<record>
		<Firstname>Malachi</Firstname>
		<Lastname>Combs</Lastname>
		<Mobile>1-453-975-1903</Mobile>
		<Email>feugiat@ProinmiAliquam.org</Email>
	</record>
	<record>
		<Firstname>Donovan</Firstname>
		<Lastname>Booth</Lastname>
		<Mobile>1-423-549-5090</Mobile>
		<Email>enim@disparturient.ca</Email>
	</record>
	<record>
		<Firstname>Lance</Firstname>
		<Lastname>Norton</Lastname>
		<Mobile>1-752-996-3158</Mobile>
		<Email>penatibus@metusVivamus.net</Email>
	</record>
	<record>
		<Firstname>Zeph</Firstname>
		<Lastname>Bond</Lastname>
		<Mobile>1-920-120-5561</Mobile>
		<Email>In.faucibus@porttitortellus.edu</Email>
	</record>
	<record>
		<Firstname>Keane</Firstname>
		<Lastname>Witt</Lastname>
		<Mobile>1-709-844-8642</Mobile>
		<Email>mus.Aenean@arcuVivamussit.edu</Email>
	</record>
	<record>
		<Firstname>Palmer</Firstname>
		<Lastname>Wells</Lastname>
		<Mobile>1-889-862-5013</Mobile>
		<Email>sed.dictum.eleifend@lacus.edu</Email>
	</record>
	<record>
		<Firstname>Keefe</Firstname>
		<Lastname>Chapman</Lastname>
		<Mobile>1-588-597-8313</Mobile>
		<Email>Aliquam@egestaslaciniaSed.edu</Email>
	</record>
	<record>
		<Firstname>Ignatius</Firstname>
		<Lastname>Mclean</Lastname>
		<Mobile>1-361-467-2697</Mobile>
		<Email>bibendum.sed@odio.co.uk</Email>
	</record>
	<record>
		<Firstname>Raja</Firstname>
		<Lastname>Atkinson</Lastname>
		<Mobile>1-126-416-6924</Mobile>
		<Email>a@non.ca</Email>
	</record>
	<record>
		<Firstname>Damon</Firstname>
		<Lastname>Slater</Lastname>
		<Mobile>1-368-308-2148</Mobile>
		<Email>rutrum.urna@Proin.co.uk</Email>
	</record>
	<record>
		<Firstname>Clayton</Firstname>
		<Lastname>Burks</Lastname>
		<Mobile>1-747-251-3810</Mobile>
		<Email>dictum@dictumsapien.net</Email>
	</record>
	<record>
		<Firstname>Armando</Firstname>
		<Lastname>Sanders</Lastname>
		<Mobile>1-751-325-6396</Mobile>
		<Email>nec@duinectempus.org</Email>
	</record>
	<record>
		<Firstname>Devin</Firstname>
		<Lastname>Snyder</Lastname>
		<Mobile>1-530-294-5480</Mobile>
		<Email>ipsum.primis@estNuncullamcorper.com</Email>
	</record>
	<record>
		<Firstname>Austin</Firstname>
		<Lastname>Conrad</Lastname>
		<Mobile>1-621-447-7227</Mobile>
		<Email>id.ante@loremut.ca</Email>
	</record>
	<record>
		<Firstname>Ulysses</Firstname>
		<Lastname>Deleon</Lastname>
		<Mobile>1-838-758-9047</Mobile>
		<Email>Pellentesque.ultricies@duinec.edu</Email>
	</record>
	<record>
		<Firstname>Drake</Firstname>
		<Lastname>Cash</Lastname>
		<Mobile>1-719-907-9224</Mobile>
		<Email>consequat.dolor.vitae@idante.net</Email>
	</record>
	<record>
		<Firstname>Cody</Firstname>
		<Lastname>Hall</Lastname>
		<Mobile>1-207-357-6507</Mobile>
		<Email>nulla@egestas.com</Email>
	</record>
	<record>
		<Firstname>Xenos</Firstname>
		<Lastname>Finley</Lastname>
		<Mobile>1-903-774-0018</Mobile>
		<Email>neque@Cras.co.uk</Email>
	</record>
	<record>
		<Firstname>Nolan</Firstname>
		<Lastname>Grant</Lastname>
		<Mobile>1-715-288-2851</Mobile>
		<Email>Donec.tincidunt.Donec@auctor.ca</Email>
	</record>
	<record>
		<Firstname>Damian</Firstname>
		<Lastname>Cantrell</Lastname>
		<Mobile>1-855-205-8598</Mobile>
		<Email>cursus.in.hendrerit@hendreritidante.org</Email>
	</record>
	<record>
		<Firstname>Blake</Firstname>
		<Lastname>Buckner</Lastname>
		<Mobile>1-758-234-6669</Mobile>
		<Email>Phasellus.dolor.elit@porttitoreros.org</Email>
	</record>
	<record>
		<Firstname>Vernon</Firstname>
		<Lastname>Parks</Lastname>
		<Mobile>1-216-609-5549</Mobile>
		<Email>velit@pretium.org</Email>
	</record>
	<record>
		<Firstname>Zane</Firstname>
		<Lastname>Swanson</Lastname>
		<Mobile>1-540-878-2019</Mobile>
		<Email>lobortis.tellus@diam.net</Email>
	</record>
	<record>
		<Firstname>Brent</Firstname>
		<Lastname>Donaldson</Lastname>
		<Mobile>1-286-984-6782</Mobile>
		<Email>tempor@risusIn.edu</Email>
	</record>
	<record>
		<Firstname>Rogan</Firstname>
		<Lastname>Bonner</Lastname>
		<Mobile>1-148-404-6786</Mobile>
		<Email>vestibulum.lorem.sit@atiaculis.net</Email>
	</record>
	<record>
		<Firstname>Roth</Firstname>
		<Lastname>Cummings</Lastname>
		<Mobile>1-995-867-5746</Mobile>
		<Email>Sed.nulla@malesuada.net</Email>
	</record>
	<record>
		<Firstname>Tyrone</Firstname>
		<Lastname>Cummings</Lastname>
		<Mobile>1-600-956-4640</Mobile>
		<Email>luctus@convallis.net</Email>
	</record>
	<record>
		<Firstname>Xenos</Firstname>
		<Lastname>Reilly</Lastname>
		<Mobile>1-820-733-8381</Mobile>
		<Email>faucibus.ut@semegestas.edu</Email>
	</record>
	<record>
		<Firstname>Walker</Firstname>
		<Lastname>Blevins</Lastname>
		<Mobile>1-880-728-6377</Mobile>
		<Email>sem.Pellentesque@lectusNullamsuscipit.com</Email>
	</record>
	<record>
		<Firstname>Jordan</Firstname>
		<Lastname>Arnold</Lastname>
		<Mobile>1-329-382-9059</Mobile>
		<Email>erat.Etiam@eu.com</Email>
	</record>
	<record>
		<Firstname>Fuller</Firstname>
		<Lastname>Horton</Lastname>
		<Mobile>1-748-428-3353</Mobile>
		<Email>feugiat.placerat@sitametconsectetuer.edu</Email>
	</record>
	<record>
		<Firstname>Tyrone</Firstname>
		<Lastname>Best</Lastname>
		<Mobile>1-401-492-1437</Mobile>
		<Email>imperdiet@tincidunt.edu</Email>
	</record>
	<record>
		<Firstname>Jameson</Firstname>
		<Lastname>William</Lastname>
		<Mobile>1-458-615-3599</Mobile>
		<Email>parturient.montes@Duis.ca</Email>
	</record>
	<record>
		<Firstname>Solomon</Firstname>
		<Lastname>Sharpe</Lastname>
		<Mobile>1-128-717-3265</Mobile>
		<Email>commodo.tincidunt.nibh@eutellusPhasellus.edu</Email>
	</record>
	<record>
		<Firstname>Quinn</Firstname>
		<Lastname>Mcgee</Lastname>
		<Mobile>1-449-949-4298</Mobile>
		<Email>Aliquam@Maurisnulla.ca</Email>
	</record>
	<record>
		<Firstname>Thomas</Firstname>
		<Lastname>York</Lastname>
		<Mobile>1-274-460-4055</Mobile>
		<Email>mattis.Cras@acrisus.ca</Email>
	</record>
	<record>
		<Firstname>Ian</Firstname>
		<Lastname>Mosley</Lastname>
		<Mobile>1-867-980-0393</Mobile>
		<Email>erat@gravidamauris.ca</Email>
	</record>
	<record>
		<Firstname>George</Firstname>
		<Lastname>Morse</Lastname>
		<Mobile>1-467-717-9802</Mobile>
		<Email>fermentum@liberodui.org</Email>
	</record>
	<record>
		<Firstname>Gage</Firstname>
		<Lastname>Castaneda</Lastname>
		<Mobile>1-459-990-4655</Mobile>
		<Email>dui.nec.tempus@Inlorem.net</Email>
	</record>
	<record>
		<Firstname>Lee</Firstname>
		<Lastname>Delaney</Lastname>
		<Mobile>1-675-528-2118</Mobile>
		<Email>fringilla.purus@facilisisnon.net</Email>
	</record>
	<record>
		<Firstname>Ryan</Firstname>
		<Lastname>Mendoza</Lastname>
		<Mobile>1-317-746-0977</Mobile>
		<Email>sit@scelerisquedui.org</Email>
	</record>
	<record>
		<Firstname>Stone</Firstname>
		<Lastname>Koch</Lastname>
		<Mobile>1-231-474-9262</Mobile>
		<Email>ligula@lacus.edu</Email>
	</record>
	<record>
		<Firstname>Adam</Firstname>
		<Lastname>Michael</Lastname>
		<Mobile>1-914-509-0018</Mobile>
		<Email>ornare@euismodacfermentum.co.uk</Email>
	</record>
</records>