{ "users" : [
	{
		"ID": 1,
		"Firstname": "Byron",
		"Lastname": "Nichols",
		"Mobile": "1-418-181-7062",
		"Email": "nec.euismod@elitCurabitur.net"
	},
	{
		"ID": 2,
		"Firstname": "Nathan",
		"Lastname": "Gregory",
		"Mobile": "1-462-725-6402",
		"Email": "mattis.semper.dui@consectetuercursuset.com"
	},
	{
		"ID": 3,
		"Firstname": "Noble",
		"Lastname": "Ellison",
		"Mobile": "1-561-565-2944",
		"Email": "a.feugiat.tellus@iaculisodioNam.com"
	},
	{
		"ID": 4,
		"Firstname": "Garrison",
		"Lastname": "Owen",
		"Mobile": "1-268-337-9292",
		"Email": "lectus.rutrum.urna@lectuspede.org"
	},
	{
		"ID": 5,
		"Firstname": "Reed",
		"Lastname": "Mullins",
		"Mobile": "1-575-713-6585",
		"Email": "nec@nuncestmollis.net"
	},
	{
		"ID": 6,
		"Firstname": "Emma",
		"Lastname": "Sims",
		"Mobile": "1-877-705-6048",
		"Email": "et.nunc@risusQuisquelibero.net"
	},
	{
		"ID": 7,
		"Firstname": "Aiko",
		"Lastname": "Espinoza",
		"Mobile": "1-538-550-0402",
		"Email": "Sed.malesuada@vulputateveliteu.org"
	},
	{
		"ID": 8,
		"Firstname": "Risa",
		"Lastname": "Forbes",
		"Mobile": "1-602-402-1276",
		"Email": "urna.Vivamus.molestie@Ut.com"
	},
	{
		"ID": 9,
		"Firstname": "Eugenia",
		"Lastname": "Barr",
		"Mobile": "1-440-433-9308",
		"Email": "Morbi.accumsan@inceptoshymenaeosMauris.com"
	},
	{
		"ID": 10,
		"Firstname": "Nelle",
		"Lastname": "Norris",
		"Mobile": "1-505-250-6797",
		"Email": "nec@Quisque.co.uk"
	},
	{
		"ID": 11,
		"Firstname": "Caldwell",
		"Lastname": "Haney",
		"Mobile": "1-267-630-7651",
		"Email": "aliquet.molestie.tellus@tincidunt.co.uk"
	},
	{
		"ID": 12,
		"Firstname": "Francesca",
		"Lastname": "Herman",
		"Mobile": "1-617-105-7744",
		"Email": "Nam@nonante.co.uk"
	},
	{
		"ID": 13,
		"Firstname": "Tanner",
		"Lastname": "Oliver",
		"Mobile": "1-216-839-1344",
		"Email": "urna.suscipit.nonummy@fringilla.co.uk"
	},
	{
		"ID": 14,
		"Firstname": "Kennan",
		"Lastname": "Short",
		"Mobile": "1-320-598-8749",
		"Email": "magnis.dis@vulputate.net"
	},
	{
		"ID": 15,
		"Firstname": "Juliet",
		"Lastname": "Mcdowell",
		"Mobile": "1-660-277-7331",
		"Email": "enim.nisl@blanditmattis.co.uk"
	},
	{
		"ID": 16,
		"Firstname": "Jenna",
		"Lastname": "Larsen",
		"Mobile": "1-861-502-4043",
		"Email": "Nunc.mauris.elit@elitpharetraut.ca"
	},
	{
		"ID": 17,
		"Firstname": "Mannix",
		"Lastname": "Rivera",
		"Mobile": "1-228-970-1980",
		"Email": "Nulla.facilisi.Sed@egestas.com"
	},
	{
		"ID": 18,
		"Firstname": "Sybill",
		"Lastname": "Elliott",
		"Mobile": "1-527-745-2585",
		"Email": "Nunc.sed.orci@dolorFusce.org"
	},
	{
		"ID": 19,
		"Firstname": "Gisela",
		"Lastname": "Slater",
		"Mobile": "1-146-182-4435",
		"Email": "Proin.dolor@etmagnisdis.edu"
	},
	{
		"ID": 20,
		"Firstname": "Jessamine",
		"Lastname": "Knox",
		"Mobile": "1-761-330-9926",
		"Email": "rutrum@Duis.com"
	},
	{
		"ID": 21,
		"Firstname": "Eric",
		"Lastname": "Roy",
		"Mobile": "1-592-778-6380",
		"Email": "nulla.In.tincidunt@molestiepharetra.com"
	},
	{
		"ID": 22,
		"Firstname": "Linda",
		"Lastname": "Parsons",
		"Mobile": "1-350-601-3406",
		"Email": "nulla.vulputate.dui@in.edu"
	},
	{
		"ID": 23,
		"Firstname": "Kylie",
		"Lastname": "Mcintyre",
		"Mobile": "1-798-566-4587",
		"Email": "Donec.sollicitudin.adipiscing@luctusfelis.net"
	},
	{
		"ID": 24,
		"Firstname": "Catherine",
		"Lastname": "Mcknight",
		"Mobile": "1-947-257-9222",
		"Email": "quis.arcu@condimentumegetvolutpat.edu"
	},
	{
		"ID": 25,
		"Firstname": "Rana",
		"Lastname": "Horne",
		"Mobile": "1-814-641-9864",
		"Email": "ornare@consequatauctor.net"
	},
	{
		"ID": 26,
		"Firstname": "Cassandra",
		"Lastname": "Hunt",
		"Mobile": "1-464-282-8799",
		"Email": "cursus@Proin.co.uk"
	},
	{
		"ID": 27,
		"Firstname": "Plato",
		"Lastname": "Cooper",
		"Mobile": "1-832-291-6918",
		"Email": "arcu.Sed@sapien.co.uk"
	},
	{
		"ID": 28,
		"Firstname": "Lisandra",
		"Lastname": "Newman",
		"Mobile": "1-928-849-6445",
		"Email": "aliquam.eu.accumsan@quislectusNullam.net"
	},
	{
		"ID": 29,
		"Firstname": "Violet",
		"Lastname": "Boyer",
		"Mobile": "1-342-720-6542",
		"Email": "scelerisque@sapien.org"
	},
	{
		"ID": 30,
		"Firstname": "Peter",
		"Lastname": "Booth",
		"Mobile": "1-133-688-0748",
		"Email": "in.lobortis.tellus@nibhPhasellus.edu"
	},
	{
		"ID": 31,
		"Firstname": "Brendan",
		"Lastname": "Leonard",
		"Mobile": "1-963-174-9612",
		"Email": "tristique.senectus@convallis.net"
	},
	{
		"ID": 32,
		"Firstname": "Clark",
		"Lastname": "Chen",
		"Mobile": "1-399-706-2044",
		"Email": "turpis@vel.co.uk"
	},
	{
		"ID": 33,
		"Firstname": "Barbara",
		"Lastname": "Buck",
		"Mobile": "1-249-928-4245",
		"Email": "imperdiet@consequatnecmollis.co.uk"
	},
	{
		"ID": 34,
		"Firstname": "Buckminster",
		"Lastname": "Hart",
		"Mobile": "1-648-689-3272",
		"Email": "vel.lectus@velitegestaslacinia.co.uk"
	},
	{
		"ID": 35,
		"Firstname": "Karen",
		"Lastname": "Sweeney",
		"Mobile": "1-776-194-4051",
		"Email": "ultrices@Donecelementumlorem.edu"
	},
	{
		"ID": 36,
		"Firstname": "Debra",
		"Lastname": "Nicholson",
		"Mobile": "1-643-440-6189",
		"Email": "sem.molestie@duinec.com"
	},
	{
		"ID": 37,
		"Firstname": "Diana",
		"Lastname": "Phillips",
		"Mobile": "1-507-843-4159",
		"Email": "cursus.non@Class.org"
	},
	{
		"ID": 38,
		"Firstname": "Lael",
		"Lastname": "Gonzalez",
		"Mobile": "1-127-632-3739",
		"Email": "nonummy.ipsum.non@acfermentum.co.uk"
	},
	{
		"ID": 39,
		"Firstname": "Avye",
		"Lastname": "Spence",
		"Mobile": "1-222-952-0252",
		"Email": "tristique.senectus@Nullainterdum.net"
	},
	{
		"ID": 40,
		"Firstname": "Philip",
		"Lastname": "Serrano",
		"Mobile": "1-981-159-6605",
		"Email": "in.felis@duiFuscealiquam.org"
	},
	{
		"ID": 41,
		"Firstname": "Dorian",
		"Lastname": "Delacruz",
		"Mobile": "1-390-405-2907",
		"Email": "in.faucibus.orci@Morbi.edu"
	},
	{
		"ID": 42,
		"Firstname": "Upton",
		"Lastname": "Sims",
		"Mobile": "1-237-993-6468",
		"Email": "interdum.ligula.eu@sociis.net"
	},
	{
		"ID": 43,
		"Firstname": "Patrick",
		"Lastname": "Hardin",
		"Mobile": "1-739-710-4051",
		"Email": "Nunc.ac.sem@Craspellentesque.org"
	},
	{
		"ID": 44,
		"Firstname": "Conan",
		"Lastname": "Reese",
		"Mobile": "1-480-934-5980",
		"Email": "sit.amet.luctus@antebibendumullamcorper.net"
	},
	{
		"ID": 45,
		"Firstname": "Porter",
		"Lastname": "Joyner",
		"Mobile": "1-286-546-3845",
		"Email": "ante.lectus.convallis@nisisem.org"
	},
	{
		"ID": 46,
		"Firstname": "Reagan",
		"Lastname": "Harrison",
		"Mobile": "1-775-240-6971",
		"Email": "dolor.dolor.tempus@aliquamadipiscing.com"
	},
	{
		"ID": 47,
		"Firstname": "Hyatt",
		"Lastname": "Pruitt",
		"Mobile": "1-937-134-4254",
		"Email": "et@quamdignissimpharetra.net"
	},
	{
		"ID": 48,
		"Firstname": "Kelsey",
		"Lastname": "Molina",
		"Mobile": "1-555-271-6486",
		"Email": "scelerisque.mollis@ligula.org"
	},
	{
		"ID": 49,
		"Firstname": "Benjamin",
		"Lastname": "Joyner",
		"Mobile": "1-524-448-4072",
		"Email": "In.tincidunt.congue@ultrices.org"
	},
	{
		"ID": 50,
		"Firstname": "Dante",
		"Lastname": "Banks",
		"Mobile": "1-214-468-0673",
		"Email": "ante.blandit@arcuetpede.edu"
	},
	{
		"ID": 51,
		"Firstname": "Liberty",
		"Lastname": "Morris",
		"Mobile": "1-913-958-3422",
		"Email": "In.mi@Vestibulumante.com"
	},
	{
		"ID": 52,
		"Firstname": "Paki",
		"Lastname": "Pena",
		"Mobile": "1-269-793-6850",
		"Email": "neque.Morbi@dignissim.ca"
	},
	{
		"ID": 53,
		"Firstname": "Adara",
		"Lastname": "Howard",
		"Mobile": "1-219-306-3787",
		"Email": "sapien@sedfacilisis.org"
	},
	{
		"ID": 54,
		"Firstname": "Mari",
		"Lastname": "Atkins",
		"Mobile": "1-835-427-1690",
		"Email": "nunc.ac@elitpharetraut.com"
	},
	{
		"ID": 55,
		"Firstname": "Ocean",
		"Lastname": "Tyler",
		"Mobile": "1-531-880-7889",
		"Email": "dui@vitaenibhDonec.com"
	},
	{
		"ID": 56,
		"Firstname": "Doris",
		"Lastname": "Hamilton",
		"Mobile": "1-836-285-9285",
		"Email": "eu.tellus.eu@pedeCum.net"
	},
	{
		"ID": 57,
		"Firstname": "Uma",
		"Lastname": "Barton",
		"Mobile": "1-261-458-7592",
		"Email": "et.tristique.pellentesque@In.net"
	},
	{
		"ID": 58,
		"Firstname": "Karyn",
		"Lastname": "Miller",
		"Mobile": "1-825-792-1683",
		"Email": "arcu.Vivamus.sit@Cras.net"
	},
	{
		"ID": 59,
		"Firstname": "Brooke",
		"Lastname": "Roy",
		"Mobile": "1-332-214-5607",
		"Email": "nec.cursus.a@odioAliquam.edu"
	},
	{
		"ID": 60,
		"Firstname": "Inga",
		"Lastname": "Aguilar",
		"Mobile": "1-391-437-4583",
		"Email": "fermentum.metus.Aenean@Proinnon.co.uk"
	},
	{
		"ID": 61,
		"Firstname": "Keiko",
		"Lastname": "Mendoza",
		"Mobile": "1-591-544-3855",
		"Email": "mauris.ipsum@nibhAliquam.com"
	},
	{
		"ID": 62,
		"Firstname": "Oleg",
		"Lastname": "Bowen",
		"Mobile": "1-289-590-6157",
		"Email": "tincidunt@metusInnec.co.uk"
	},
	{
		"ID": 63,
		"Firstname": "Boris",
		"Lastname": "Newton",
		"Mobile": "1-957-519-9097",
		"Email": "Sed.nunc.est@vel.co.uk"
	},
	{
		"ID": 64,
		"Firstname": "Nigel",
		"Lastname": "Riggs",
		"Mobile": "1-773-624-9505",
		"Email": "Quisque.imperdiet@magnis.ca"
	},
	{
		"ID": 65,
		"Firstname": "Benjamin",
		"Lastname": "Swanson",
		"Mobile": "1-592-523-7303",
		"Email": "dignissim.magna.a@eu.com"
	},
	{
		"ID": 66,
		"Firstname": "Chloe",
		"Lastname": "Burnett",
		"Mobile": "1-475-572-2099",
		"Email": "eget.venenatis@enimcondimentumeget.com"
	},
	{
		"ID": 67,
		"Firstname": "Chelsea",
		"Lastname": "Bush",
		"Mobile": "1-177-519-5147",
		"Email": "sed.libero.Proin@metus.ca"
	},
	{
		"ID": 68,
		"Firstname": "Audra",
		"Lastname": "Cline",
		"Mobile": "1-147-869-1485",
		"Email": "magna@Sed.edu"
	},
	{
		"ID": 69,
		"Firstname": "Jack",
		"Lastname": "Haley",
		"Mobile": "1-615-569-8616",
		"Email": "posuere.vulputate@odioa.org"
	},
	{
		"ID": 70,
		"Firstname": "Chancellor",
		"Lastname": "Flores",
		"Mobile": "1-798-273-9563",
		"Email": "Nam.nulla@leoCras.ca"
	},
	{
		"ID": 71,
		"Firstname": "Duncan",
		"Lastname": "Harding",
		"Mobile": "1-285-264-3153",
		"Email": "at.libero@diameu.com"
	},
	{
		"ID": 72,
		"Firstname": "Hayden",
		"Lastname": "Dawson",
		"Mobile": "1-805-597-0021",
		"Email": "gravida.non@Cumsociisnatoque.edu"
	},
	{
		"ID": 73,
		"Firstname": "Neil",
		"Lastname": "Gould",
		"Mobile": "1-942-707-3191",
		"Email": "ridiculus@ut.org"
	},
	{
		"ID": 74,
		"Firstname": "Ila",
		"Lastname": "Colon",
		"Mobile": "1-647-603-9583",
		"Email": "leo@magnaa.ca"
	},
	{
		"ID": 75,
		"Firstname": "Jaime",
		"Lastname": "Albert",
		"Mobile": "1-607-220-4625",
		"Email": "adipiscing.enim.mi@imperdietdictum.edu"
	},
	{
		"ID": 76,
		"Firstname": "Kirby",
		"Lastname": "Riley",
		"Mobile": "1-386-318-5447",
		"Email": "In.faucibus.Morbi@primis.edu"
	},
	{
		"ID": 77,
		"Firstname": "Brianna",
		"Lastname": "Kidd",
		"Mobile": "1-362-862-0661",
		"Email": "Sed.dictum.Proin@diamSeddiam.ca"
	},
	{
		"ID": 78,
		"Firstname": "Herrod",
		"Lastname": "England",
		"Mobile": "1-391-638-1429",
		"Email": "consectetuer@est.co.uk"
	},
	{
		"ID": 79,
		"Firstname": "Sonia",
		"Lastname": "Solis",
		"Mobile": "1-882-679-7096",
		"Email": "mi@ipsumCurabitur.net"
	},
	{
		"ID": 80,
		"Firstname": "Merrill",
		"Lastname": "Jensen",
		"Mobile": "1-569-282-3542",
		"Email": "ut.cursus@mattisIntegereu.co.uk"
	},
	{
		"ID": 81,
		"Firstname": "Emi",
		"Lastname": "Oconnor",
		"Mobile": "1-429-247-5336",
		"Email": "ac@mauris.org"
	},
	{
		"ID": 82,
		"Firstname": "Chava",
		"Lastname": "Wilson",
		"Mobile": "1-986-849-1628",
		"Email": "euismod.et.commodo@inmagnaPhasellus.net"
	},
	{
		"ID": 83,
		"Firstname": "Shoshana",
		"Lastname": "Hurley",
		"Mobile": "1-347-315-9445",
		"Email": "malesuada.id@dapibusid.ca"
	},
	{
		"ID": 84,
		"Firstname": "Ali",
		"Lastname": "Estrada",
		"Mobile": "1-753-818-9457",
		"Email": "non.leo@risus.net"
	},
	{
		"ID": 85,
		"Firstname": "Rhiannon",
		"Lastname": "Lang",
		"Mobile": "1-579-441-3587",
		"Email": "dis.parturient.montes@ategestasa.org"
	},
	{
		"ID": 86,
		"Firstname": "Abel",
		"Lastname": "Hansen",
		"Mobile": "1-612-623-9113",
		"Email": "sed@ligulaeuenim.com"
	},
	{
		"ID": 87,
		"Firstname": "Neil",
		"Lastname": "Ross",
		"Mobile": "1-275-729-0581",
		"Email": "Donec.tempor.est@in.ca"
	},
	{
		"ID": 88,
		"Firstname": "Palmer",
		"Lastname": "Stafford",
		"Mobile": "1-478-294-5813",
		"Email": "eleifend.non.dapibus@Aliquam.edu"
	},
	{
		"ID": 89,
		"Firstname": "Oliver",
		"Lastname": "Marshall",
		"Mobile": "1-784-677-3502",
		"Email": "morbi.tristique@nullaIntincidunt.ca"
	},
	{
		"ID": 90,
		"Firstname": "Yoshi",
		"Lastname": "Clay",
		"Mobile": "1-992-686-0439",
		"Email": "id.ante.Nunc@tinciduntvehicula.org"
	},
	{
		"ID": 91,
		"Firstname": "Cassandra",
		"Lastname": "Walter",
		"Mobile": "1-483-622-3140",
		"Email": "vulputate.mauris@sitamet.com"
	},
	{
		"ID": 92,
		"Firstname": "Ignatius",
		"Lastname": "Bowers",
		"Mobile": "1-215-582-8925",
		"Email": "dis@enimMauris.edu"
	},
	{
		"ID": 93,
		"Firstname": "Avram",
		"Lastname": "Cameron",
		"Mobile": "1-431-654-8334",
		"Email": "natoque@cursusetmagna.net"
	},
	{
		"ID": 94,
		"Firstname": "Lila",
		"Lastname": "Mccarthy",
		"Mobile": "1-922-395-1269",
		"Email": "In@per.edu"
	},
	{
		"ID": 95,
		"Firstname": "Ursa",
		"Lastname": "Holder",
		"Mobile": "1-139-375-6084",
		"Email": "id.ante@ultriciesadipiscingenim.ca"
	},
	{
		"ID": 96,
		"Firstname": "Piper",
		"Lastname": "Rodriquez",
		"Mobile": "1-193-113-6846",
		"Email": "at.libero@Etiam.org"
	},
	{
		"ID": 97,
		"Firstname": "Regina",
		"Lastname": "Reilly",
		"Mobile": "1-719-108-7225",
		"Email": "dolor.sit@insodaleselit.net"
	},
	{
		"ID": 98,
		"Firstname": "Rudyard",
		"Lastname": "Rollins",
		"Mobile": "1-498-181-7120",
		"Email": "Proin.velit.Sed@mollislectus.co.uk"
	},
	{
		"ID": 99,
		"Firstname": "Len",
		"Lastname": "Curry",
		"Mobile": "1-296-203-8195",
		"Email": "orci.quis@Maecenasmalesuadafringilla.com"
	},
	{
		"ID": 100,
		"Firstname": "John",
		"Lastname": "English",
		"Mobile": "1-447-985-7374",
		"Email": "faucibus@lacusvestibulumlorem.edu"
	}
]}